{
  "data": [
    [
      6.125,
      2,
      10.5,
      64.625,
      22.375,
      25.5,
      9.5,
      91.25,
      0.5
    ],
    [
      57.125,
      57.75,
      21.625,
      22.5,
      8.875,
      4.75,
      23.25,
      14.625,
      76.125
    ],
    [
      22.375,
      53.5,
      11.375,
      5.375,
      50.625,
      64,
      9.75,
      3,
      63.875
    ],
    [
      8.875,
      2.5,
      10,
      39,
      16.75,
      17.75,
      13.5,
      54.75,
      0
    ],
    [
      61.5,
      57.875,
      44.625,
      9.875,
      16.625,
      3.75,
      29.75,
      3.75,
      76.625
    ],
    [
      9.375,
      30.625,
      6.875,
      6.75,
      49.25,
      44.75,
      5.5,
      4.375,
      40.375
    ],
    [
      9.25,
      17.375,
      29.875,
      7.25,
      12.875,
      15.25,
      38.875,
      2.5,
      5.75
    ],
    [
      100,
      100,
      100,
      100,
      100,
      100,
      100,
      100,
      100
    ]
  ],
  "settings": {
    "rawData": [
      [
        6.125,
        2,
        10.5,
        64.625,
        22.375,
        25.5,
        9.5,
        91.25,
        0.5
      ],
      [
        57.125,
        57.75,
        21.625,
        22.5,
        8.875,
        4.75,
        23.25,
        14.625,
        76.125
      ],
      [
        22.375,
        53.5,
        11.375,
        5.375,
        50.625,
        64,
        9.75,
        3,
        63.875
      ],
      [
        8.875,
        2.5,
        10,
        39,
        16.75,
        17.75,
        13.5,
        54.75,
        0
      ],
      [
        61.5,
        57.875,
        44.625,
        9.875,
        16.625,
        3.75,
        29.75,
        3.75,
        76.625
      ],
      [
        9.375,
        30.625,
        6.875,
        6.75,
        49.25,
        44.75,
        5.5,
        4.375,
        40.375
      ],
      [
        9.25,
        17.375,
        29.875,
        7.25,
        12.875,
        15.25,
        38.875,
        2.5,
        5.75
      ],
      [
        100,
        100,
        100,
        100,
        100,
        100,
        100,
        100,
        100
      ]
    ],
    "weights": [
      0.111111111111111,
      0.111111111111111,
      0.111111111111111,
      0.111111111111111,
      0.111111111111111,
      0.111111111111111,
      0.111111111111111,
      0.111111111111111,
      0.111111111111111
    ],
    "rowNames": [
      "Coke",
      "Diet Coke",
      "Coke Zero",
      "Pepsi",
      "Diet Pepsi",
      "Pepsi Max",
      "None of these",
      "NET"
    ],
    "rowFontSize": 11,
    "rowFontFamily": "sans-serif",
    "rowHeading": "",
    "rowHeadingFontSize": 12,
    "rowHeadingFontFamily": "sans-serif",
    "colNames": [
      "Feminine",
      "Health-conscious",
      "Innocent",
      "Older",
      "Open to new experiences",
      "Rebellious",
      "Sleepy",
      "Traditional",
      "Weight-conscious"
    ],
    "colFontSize": 11,
    "colFontFamily": "sans-serif",
    "colHeading": "",
    "colHeadingFontSize": 12,
    "colHeadingFontFamily": "sans-serif",
    "tooltips": "Default",
    "tooltipsFontSize": 11,
    "tooltipsFontFamily": "sans-serif",
    "tooltipsHeadingFontSize": 12,
    "tooltipsHeadingFontFamily": "sans-serif",
    "showYAxis": false,
    "ylab": null,
    "ydigits": 1,
    "yFontSize": 11,
    "yFontFamily": "sans-serif",
    "yLabFontSize": 12,
    "yLabFontFamily": "sans-serif",
    "digits": 1,
    "colors": [
      "#5B9BD5",
      "#ED7D31",
      "#A5A5A5",
      "#1EC000",
      "#4472C4",
      "#70AD47",
      "#255E91",
      "#9E480E",
      "#636363",
      "#997300",
      "#264478",
      "#43682B",
      "#FFFFFF",
      "#FF2323"
    ],
    "barHeights": null,
    "order": "descending",
    "prefix": "",
    "suffix": "%"
  }
}